insert into account (account_id, accountstatus_id, "LOGIN", password, email) values (1, 3, 'nlamball0', '$2a$04$vQ4OM3lofa5Ska', 'sbinnall0@opera.com');
insert into account (account_id, accountstatus_id, "LOGIN", password, email) values (2, 3, 'vchicco1', '$2a$04$evyGSUZx0ZxqpLqI', 'bkornalik1@walmart.com');
insert into account (account_id, accountstatus_id, "LOGIN", password, email) values (3, 2, 'ccamillo2', '$2a$04$sh9Up0ED/nHIShY', 'gfencott2@pen.io');
insert into account (account_id, accountstatus_id, "LOGIN", password, email) values (4, 1, 'shumberstone3', '$2a$04$MTGh8sMmXrHC6j', 'svoak3@whitehouse.gov');
insert into account (account_id, accountstatus_id, "LOGIN", password, email) values (5, 2, 'mgullane4', '$2a$04$UpgRjHYDwVKs9B', 'mmulligan4@state.tx.us');
insert into account (account_id, accountstatus_id, "LOGIN", password, email) values (6, 3, 'lrodda5', '$2a$04$YeKpZm1Y0g5r4n3J1m0L', 'areubens5@studiopress.com');
insert into account (account_id, accountstatus_id, "LOGIN", password, email) values (7, 2, 'fseabridge6', '$2a$04$KSQeizacjH4', 'abertwistle6@360.cn');
insert into account (account_id, accountstatus_id, "LOGIN", password, email) values (8, 3, 'myurkiewicz7', '$2a$04$jbUYjiSgnEUn0h', 'rgeeves7@artisteer.com');


INSERT  INTO ACCOUNTSTATUS (ACCOUNTSTATUS_ID, ACCOUNTSTATUS) values (1, 'active');
INSERT  INTO ACCOUNTSTATUS (ACCOUNTSTATUS_ID, ACCOUNTSTATUS) values (2, 'inactive');
INSERT  INTO ACCOUNTSTATUS (ACCOUNTSTATUS_ID, ACCOUNTSTATUS) values (3, 'frozen');


insert into book (BOOK_ID, STUDENT_ID, BOOKSTATUS_ID, NAME, SERIAL_NUMBER, BORROW_DATE, RETURN_DATE) values (1, 8, 1, 'Mare Nostrum', 'SM87 F764 5282 355M J9QE QGGF JMV', '6/5/2021', null);
insert into book (BOOK_ID, STUDENT_ID, BOOKSTATUS_ID, NAME, SERIAL_NUMBER, BORROW_DATE, RETURN_DATE) values (2, 1, 2, 'Great Ecstasy of Robert Carmichael, The', 'CZ57 6831 3518 9335 0609 2790', '9/4/2021', '10/24/2023');
insert into book (BOOK_ID, STUDENT_ID, BOOKSTATUS_ID, NAME, SERIAL_NUMBER, BORROW_DATE, RETURN_DATE) values (3, 4, 2, 'Petrified Forest, The', 'AE36 3595 5908 2872 2432 514', '6/9/2021', null);
insert into book (BOOK_ID, STUDENT_ID, BOOKSTATUS_ID, NAME, SERIAL_NUMBER, BORROW_DATE, RETURN_DATE) values (4, 2, 3, 'Beneath the Valley of the Ultra-Vixens', 'NL36 QRVI 5894 7827 28', '8/22/2021', '8/16/2023');
insert into book (BOOK_ID, STUDENT_ID, BOOKSTATUS_ID, NAME, SERIAL_NUMBER, BORROW_DATE, RETURN_DATE) values (5, 8, 2, 'Kings of Mykonos, The', 'LU76 018Z HNIK LXVW KKVP', '8/28/2021', null);
insert into book (BOOK_ID, STUDENT_ID, BOOKSTATUS_ID, NAME, SERIAL_NUMBER, BORROW_DATE, RETURN_DATE) values (6, 7, 1, 'Bridesmaid, The (Demoiselle d''honneur, La)', 'FR28 3340 4153 54OF CHFF VVAZ 295', '5/18/2021', '3/24/2023');
insert into book (BOOK_ID, STUDENT_ID, BOOKSTATUS_ID, NAME, SERIAL_NUMBER, BORROW_DATE, RETURN_DATE) values (7, 7, 2, 'Day of the Crows, The (Le jour des corneilles)', 'BE78 8183 1815 4066', '6/17/2021', null);
insert into book (BOOK_ID, STUDENT_ID, BOOKSTATUS_ID, NAME, SERIAL_NUMBER, BORROW_DATE, RETURN_DATE) values (8, 6, 3, 'Breakin'' All the Rules', 'LT73 2308 4161 0790 3762', '8/19/2021', '10/10/2023');
insert into book (BOOK_ID, STUDENT_ID, BOOKSTATUS_ID, NAME, SERIAL_NUMBER, BORROW_DATE, RETURN_DATE) values (9, 7, 2, 'Confidential Report', 'FR58 6803 0186 18XW NXNF 21DI C84', '9/16/2021', null);
insert into book (BOOK_ID, STUDENT_ID, BOOKSTATUS_ID, NAME, SERIAL_NUMBER, BORROW_DATE, RETURN_DATE) values (10, 8, 2, 'Beeswax', 'BR57 9687 5054 9325 9427 0794 925U E', '12/29/2021', '5/21/2023');
insert into book (BOOK_ID, STUDENT_ID, BOOKSTATUS_ID, NAME, SERIAL_NUMBER, BORROW_DATE, RETURN_DATE) values (11, 4, 3, 'Hard Times', 'GR16 2515 881W UDDX W08L ZLBM 9VW', '7/7/2021', '4/7/2023');
insert into book (BOOK_ID, STUDENT_ID, BOOKSTATUS_ID, NAME, SERIAL_NUMBER, BORROW_DATE, RETURN_DATE) values (12, 7, 2, 'Village People', 'LB91 8173 DR52 DPOH 0DPY CSWN C8OE', '9/16/2021', null);
insert into book (BOOK_ID, STUDENT_ID, BOOKSTATUS_ID, NAME, SERIAL_NUMBER, BORROW_DATE, RETURN_DATE) values (13, 5, 3, 'Ah, Wilderness!', 'DE10 4184 9502 6230 0110 21', '4/14/2021', null);
insert into book (BOOK_ID, STUDENT_ID, BOOKSTATUS_ID, NAME, SERIAL_NUMBER, BORROW_DATE, RETURN_DATE) values (14, 6, 3, 'Samson and Delilah', 'DE74 1145 4451 2318 3235 60', '10/22/2021', null);
insert into book (BOOK_ID, STUDENT_ID, BOOKSTATUS_ID, NAME, SERIAL_NUMBER, BORROW_DATE, RETURN_DATE) values (15, 5, 2, 'House of Flying Daggers (Shi mian mai fu)', 'GB62 NVDC 9409 1023 2633 03', '3/7/2021', null);
insert into book (BOOK_ID, STUDENT_ID, BOOKSTATUS_ID, NAME, SERIAL_NUMBER, BORROW_DATE, RETURN_DATE) values (16, 1, 2, 'Paying the Price: Killing the Children of Iraq', 'CY70 7898 6428 XU8R VE6U PYGC D3I6', '4/23/2021', null);
insert into book (BOOK_ID, STUDENT_ID, BOOKSTATUS_ID, NAME, SERIAL_NUMBER, BORROW_DATE, RETURN_DATE) values (17, 4, 2, 'Corpse Bride', 'PS25 SNLD OAJF M7GW ZUQY Z0QM X3VS K', '1/2/2022', '11/17/2023');
insert into book (BOOK_ID, STUDENT_ID, BOOKSTATUS_ID, NAME, SERIAL_NUMBER, BORROW_DATE, RETURN_DATE) values (18, 8, 1, 'Zebraman', 'IE41 BHFS 5632 5921 0758 36', '5/7/2021', null);
insert into book (BOOK_ID, STUDENT_ID, BOOKSTATUS_ID, NAME, SERIAL_NUMBER, BORROW_DATE, RETURN_DATE) values (19, 5, 2, 'Blade Runner', 'MR69 7951 8602 3624 0965 8845 879', '6/21/2021', null);
insert into book (BOOK_ID, STUDENT_ID, BOOKSTATUS_ID, NAME, SERIAL_NUMBER, BORROW_DATE, RETURN_DATE) values (20, 5, 3, 'The Golden Cage', 'RS72 8484 7617 0546 5510 39', '4/18/2021', null);

INSERT  INTO BOOKSTATUS (BOOKSTATUS_ID, BOOKSTATUS) values (1, 'borrowed');
INSERT  INTO BOOKSTATUS (BOOKSTATUS_ID, BOOKSTATUS) values (2, 'available');
INSERT  INTO BOOKSTATUS (BOOKSTATUS_ID, BOOKSTATUS) values (3, 'unavailable');

insert into lecture (lecture_id, name, "DATE", description) values (1, 'Zaawansowane Techniki Programistyczne', '1/16/2024', 'Lorem ipsum dolor sit amet, consectetur adipiscing elit. ');
insert into lecture (lecture_id, name, "DATE", description) values (2, 'Bazy danych', '1/16/2024', 'In finibus turpis vel eros accumsan laoreet. Cras lacinia blandit iaculis. ');

insert into mark (MARK_ID, LECTURE_ID, STUDENT_ID, NAME, VALUE, "DATE"  , DESCRIPTION) values (1, 2, 7, 'Egzamin', 2, '10/4/2023', null);
insert into mark (MARK_ID, LECTURE_ID, STUDENT_ID, NAME, VALUE, "DATE"  , DESCRIPTION) values (2, 2, 2, 'Egzamin', 3, '3/28/2023', null);
insert into mark (MARK_ID, LECTURE_ID, STUDENT_ID, NAME, VALUE, "DATE"  , DESCRIPTION) values (3, 1, 2, 'Egzamin', 4, '4/3/2023', null);
insert into mark (MARK_ID, LECTURE_ID, STUDENT_ID, NAME, VALUE, "DATE"  , DESCRIPTION) values (4, 1, 6, 'Kartkówka Liczy Zespolone', 4, '3/28/2023', 'Brigshaw');
insert into mark (MARK_ID, LECTURE_ID, STUDENT_ID, NAME, VALUE, "DATE"  , DESCRIPTION) values (5, 1, 8, 'Kartkówka Liczy Zespolone', 3, '10/11/2023', null);
insert into mark (MARK_ID, LECTURE_ID, STUDENT_ID, NAME, VALUE, "DATE"  , DESCRIPTION) values (6, 2, 5, 'Kartkówka Liczy Zespolone', 2, '2/12/2023', null);
insert into mark (MARK_ID, LECTURE_ID, STUDENT_ID, NAME, VALUE, "DATE"  , DESCRIPTION) values (7, 2, 7, 'Kartkówka Liczy Zespolone', 2, '3/16/2023', null);
insert into mark (MARK_ID, LECTURE_ID, STUDENT_ID, NAME, VALUE, "DATE"  , DESCRIPTION) values (8, 2, 2, 'Trygonometria', 3, '11/4/2023', null);
insert into mark (MARK_ID, LECTURE_ID, STUDENT_ID, NAME, VALUE, "DATE"  , DESCRIPTION) values (9, 1, 7, 'Trygonometria', 3, '3/8/2023', 'Aveline');
insert into mark (MARK_ID, LECTURE_ID, STUDENT_ID, NAME, VALUE, "DATE"  , DESCRIPTION) values (10, 2, 1, 'Trygonometria', 4, '10/9/2023', 'Peddowe');
insert into mark (MARK_ID, LECTURE_ID, STUDENT_ID, NAME, VALUE, "DATE"  , DESCRIPTION) values (11, 1, 7, 'Trygonometria', 3, '6/30/2023', null);
insert into mark (MARK_ID, LECTURE_ID, STUDENT_ID, NAME, VALUE, "DATE"  , DESCRIPTION) values (12, 1, 8, 'OOP', 2, '5/16/2023', null);
insert into mark (MARK_ID, LECTURE_ID, STUDENT_ID, NAME, VALUE, "DATE"  , DESCRIPTION) values (13, 2, 5, 'OOP', 4, '4/1/2023', null);
insert into mark (MARK_ID, LECTURE_ID, STUDENT_ID, NAME, VALUE, "DATE"  , DESCRIPTION) values (14, 2, 8, 'OOP', 4, '8/24/2023', null);
insert into mark (MARK_ID, LECTURE_ID, STUDENT_ID, NAME, VALUE, "DATE"  , DESCRIPTION) values (15, 2, 4, 'OOP', 4, '1/31/2023', null);
insert into mark (MARK_ID, LECTURE_ID, STUDENT_ID, NAME, VALUE, "DATE"  , DESCRIPTION) values (16, 2, 2, 'OOP', 2, '11/13/2023', null);
insert into mark (MARK_ID, LECTURE_ID, STUDENT_ID, NAME, VALUE, "DATE"  , DESCRIPTION) values (17, 2, 6, 'SQL', 2, '12/29/2023', null);
insert into mark (MARK_ID, LECTURE_ID, STUDENT_ID, NAME, VALUE, "DATE"  , DESCRIPTION) values (18, 1, 5, 'SQL', 3, '5/26/2023', null);
insert into mark (MARK_ID, LECTURE_ID, STUDENT_ID, NAME, VALUE, "DATE"  , DESCRIPTION) values (19, 1, 6, 'SQL', 2, '6/19/2023', null);
insert into mark (MARK_ID, LECTURE_ID, STUDENT_ID, NAME, VALUE, "DATE"  , DESCRIPTION) values (20, 1, 3, 'SQL', 2, '7/15/2023', 'Grigg');


insert into payment (payment_id, student_id, ammount, title, is_paid) values (1,1,20, 'Opłata za leigtymacje', true);
insert into payment (payment_id, student_id, ammount, title, is_paid) values (2,1,595, 'Czesne 1/24', true);
insert into payment (payment_id, student_id, ammount, title, is_paid) values (3,1,595, 'Czesne 2/24', false);
insert into payment (payment_id, student_id, ammount, title, is_paid) values (4,2,20, 'Opłata za leigtymacje', false);
insert into payment (payment_id, student_id, ammount, title, is_paid) values (5,2,595, 'Czesne 1/24', true);
insert into payment (payment_id, student_id, ammount, title, is_paid) values (6,2,595, 'Czesne 2/24', false);
insert into payment (payment_id, student_id, ammount, title, is_paid) values (7,3,20, 'Opłata za leigtymacje', true);
insert into payment (payment_id, student_id, ammount, title, is_paid) values (8,3,595, 'Czesne 1/24', true);
insert into payment (payment_id, student_id, ammount, title, is_paid) values (9,3,595, 'Czesne 2/24', true);


insert into student (STUDENT_ID, ACCOUNT_ID, INDEX_NUMBER, FIRST_NAME, SURNAME, BIRTHDATY_DATE, PHONE, ADDRESS) values (1, 1, 1, 'Emanuele', 'Clementson', '11/23/1976', '5266206960', '3 Eliot Trail');
insert into student (STUDENT_ID, ACCOUNT_ID, INDEX_NUMBER, FIRST_NAME, SURNAME, BIRTHDATY_DATE, PHONE, ADDRESS) values (2, 2, 2, 'Leonidas', 'Farnall', '6/18/1976', '9927526669', '3 Merchant Way');
insert into student (STUDENT_ID, ACCOUNT_ID, INDEX_NUMBER, FIRST_NAME, SURNAME, BIRTHDATY_DATE, PHONE, ADDRESS) values (3, 3, 3, 'Baxy', 'Gabel', '7/13/1982', '4663846088', '80 Sauthoff Street');
insert into student (STUDENT_ID, ACCOUNT_ID, INDEX_NUMBER, FIRST_NAME, SURNAME, BIRTHDATY_DATE, PHONE, ADDRESS) values (4, 4, 4, 'Forster', 'Mallett', '5/13/1991', '1249389195', '933 Glacier Hill Pass');
insert into student (STUDENT_ID, ACCOUNT_ID, INDEX_NUMBER, FIRST_NAME, SURNAME, BIRTHDATY_DATE, PHONE, ADDRESS) values (5, 5, 5, 'Joleen', 'Pearman', '11/21/1985', '3907169204', '1 Village Green Alley');
insert into student (STUDENT_ID, ACCOUNT_ID, INDEX_NUMBER, FIRST_NAME, SURNAME, BIRTHDATY_DATE, PHONE, ADDRESS) values (6, 6, 6, 'Imojean', 'Hynard', '11/28/1996', '8221076364', '59095 Warbler Crossing');
insert into student (STUDENT_ID, ACCOUNT_ID, INDEX_NUMBER, FIRST_NAME, SURNAME, BIRTHDATY_DATE, PHONE, ADDRESS) values (7, 7, 7, 'Rudie', 'Varian', '4/19/1971', '7464162137', '90 Swallow Park');
insert into student (STUDENT_ID, ACCOUNT_ID, INDEX_NUMBER, FIRST_NAME, SURNAME, BIRTHDATY_DATE, PHONE, ADDRESS) values (8, 8, 8, 'Killian', 'Ashwin', '12/24/1997', '3667641314', '8472 Sunbrook Junction');