insert into account (account_id, accountstatus_id, "LOGIN", password, email) values (1, 3, 'nlamball0', '$2a$04$vQ4OM3lofa5Ska', 'sbinnall0@opera.com');
insert into account (account_id, accountstatus_id, "LOGIN", password, email) values (2, 3, 'vchicco1', '$2a$04$evyGSUZx0ZxqpLqI', 'bkornalik1@walmart.com');
insert into account (account_id, accountstatus_id, "LOGIN", password, email) values (3, 2, 'ccamillo2', '$2a$04$sh9Up0ED/nHIShY', 'gfencott2@pen.io');
insert into account (account_id, accountstatus_id, "LOGIN", password, email) values (4, 1, 'shumberstone3', '$2a$04$MTGh8sMmXrHC6j', 'svoak3@whitehouse.gov');
insert into account (account_id, accountstatus_id, "LOGIN", password, email) values (5, 2, 'mgullane4', '$2a$04$UpgRjHYDwVKs9B', 'mmulligan4@state.tx.us');
insert into account (account_id, accountstatus_id, "LOGIN", password, email) values (6, 3, 'lrodda5', '$2a$04$YeKpZm1Y0g5r4n3J1m0L', 'areubens5@studiopress.com');
insert into account (account_id, accountstatus_id, "LOGIN", password, email) values (7, 2, 'fseabridge6', '$2a$04$KSQeizacjH4', 'abertwistle6@360.cn');
insert into account (account_id, accountstatus_id, "LOGIN", password, email) values (8, 3, 'myurkiewicz7', '$2a$04$jbUYjiSgnEUn0h', 'rgeeves7@artisteer.com');


INSERT  INTO ACCOUNTSTATUS (ACCOUNTSTATUS_ID, ACCOUNTSTATUS) values (1, 'active');
INSERT  INTO ACCOUNTSTATUS (ACCOUNTSTATUS_ID, ACCOUNTSTATUS) values (2, 'inactive');
INSERT  INTO ACCOUNTSTATUS (ACCOUNTSTATUS_ID, ACCOUNTSTATUS) values (3, 'frozen');


insert into book (BOOK_ID, STUDENT_ID, BOOKSTATUS_ID, NAME, SERIAL_NUMBER, BORROW_DATE, RETURN_DATE) values (1, 8, 1, 'Mare Nostrum', 'SM87 F764 5282 355M J9QE QGGF JMV', '2021-06-05', null);
insert into book (BOOK_ID, STUDENT_ID, BOOKSTATUS_ID, NAME, SERIAL_NUMBER, BORROW_DATE, RETURN_DATE) values (2, 1, 2, 'Great Ecstasy of Robert Carmichael, The', 'CZ57 6831 3518 9335 0609 2790', '2021-09-04', '2023-10-24');
insert into book (BOOK_ID, STUDENT_ID, BOOKSTATUS_ID, NAME, SERIAL_NUMBER, BORROW_DATE, RETURN_DATE) values (3, 4, 2, 'Petrified Forest, The', 'AE36 3595 5908 2872 2432 514', '2021-06-09', null);
insert into book (BOOK_ID, STUDENT_ID, BOOKSTATUS_ID, NAME, SERIAL_NUMBER, BORROW_DATE, RETURN_DATE) values (4, 2, 3, 'Beneath the Valley of the Ultra-Vixens', 'NL36 QRVI 5894 7827 28', '2021-08-22', '2023-08-16');
insert into book (BOOK_ID, STUDENT_ID, BOOKSTATUS_ID, NAME, SERIAL_NUMBER, BORROW_DATE, RETURN_DATE) values (5, 8, 2, 'Kings of Mykonos, The', 'LU76 018Z HNIK LXVW KKVP', '2021-08-28', null);
insert into book (BOOK_ID, STUDENT_ID, BOOKSTATUS_ID, NAME, SERIAL_NUMBER, BORROW_DATE, RETURN_DATE) values (6, 7, 1, 'Bridesmaid, The (Demoiselle d''honneur, La)', 'FR28 3340 4153 54OF CHFF VVAZ 295', '2021-05-18', '2023-03-24');
insert into book (BOOK_ID, STUDENT_ID, BOOKSTATUS_ID, NAME, SERIAL_NUMBER, BORROW_DATE, RETURN_DATE) values (7, 7, 2, 'Day of the Crows, The (Le jour des corneilles)', 'BE78 8183 1815 4066', '2021-06-17', null);
insert into book (BOOK_ID, STUDENT_ID, BOOKSTATUS_ID, NAME, SERIAL_NUMBER, BORROW_DATE, RETURN_DATE) values (8, 6, 3, 'Breakin'' All the Rules', 'LT73 2308 4161 0790 3762', '2021-08-19', '2023-10-10');
insert into book (BOOK_ID, STUDENT_ID, BOOKSTATUS_ID, NAME, SERIAL_NUMBER, BORROW_DATE, RETURN_DATE) values (9, 7, 2, 'Confidential Report', 'FR58 6803 0186 18XW NXNF 21DI C84', '2021-09-16', null);
insert into book (BOOK_ID, STUDENT_ID, BOOKSTATUS_ID, NAME, SERIAL_NUMBER, BORROW_DATE, RETURN_DATE) values (10, 8, 2, 'Beeswax', 'BR57 9687 5054 9325 9427 0794 925U E', '2021-12-29', '2023-05-21');
insert into book (BOOK_ID, STUDENT_ID, BOOKSTATUS_ID, NAME, SERIAL_NUMBER, BORROW_DATE, RETURN_DATE) values (11, 4, 3, 'Hard Times', 'GR16 2515 881W UDDX W08L ZLBM 9VW', '2021-07-07', '2023-04-07');
insert into book (BOOK_ID, STUDENT_ID, BOOKSTATUS_ID, NAME, SERIAL_NUMBER, BORROW_DATE, RETURN_DATE) values (12, 7, 2, 'Village People', 'LB91 8173 DR52 DPOH 0DPY CSWN C8OE', '2021-09-16', null);
insert into book (BOOK_ID, STUDENT_ID, BOOKSTATUS_ID, NAME, SERIAL_NUMBER, BORROW_DATE, RETURN_DATE) values (13, 5, 3, 'Ah, Wilderness!', 'DE10 4184 9502 6230 0110 21', '2021-04-14', null);
insert into book (BOOK_ID, STUDENT_ID, BOOKSTATUS_ID, NAME, SERIAL_NUMBER, BORROW_DATE, RETURN_DATE) values (14, 6, 3, 'Samson and Delilah', 'DE74 1145 4451 2318 3235 60', '2021-10-22', null);
insert into book (BOOK_ID, STUDENT_ID, BOOKSTATUS_ID, NAME, SERIAL_NUMBER, BORROW_DATE, RETURN_DATE) values (15, 5, 2, 'House of Flying Daggers (Shi mian mai fu)', 'GB62 NVDC 9409 1023 2633 03', '2021-03-07', null);
insert into book (BOOK_ID, STUDENT_ID, BOOKSTATUS_ID, NAME, SERIAL_NUMBER, BORROW_DATE, RETURN_DATE) values (16, 1, 2, 'Paying the Price: Killing the Children of Iraq', 'CY70 7898 6428 XU8R VE6U PYGC D3I6', '2021-04-23', null);
insert into book (BOOK_ID, STUDENT_ID, BOOKSTATUS_ID, NAME, SERIAL_NUMBER, BORROW_DATE, RETURN_DATE) values (17, 4, 2, 'Corpse Bride', 'PS25 SNLD OAJF M7GW ZUQY Z0QM X3VS K', '2022-01-02', '2023-11-17');
insert into book (BOOK_ID, STUDENT_ID, BOOKSTATUS_ID, NAME, SERIAL_NUMBER, BORROW_DATE, RETURN_DATE) values (18, 8, 1, 'Zebraman', 'IE41 BHFS 5632 5921 0758 36', '2021-05-07', null);
insert into book (BOOK_ID, STUDENT_ID, BOOKSTATUS_ID, NAME, SERIAL_NUMBER, BORROW_DATE, RETURN_DATE) values (19, 5, 2, 'Blade Runner', 'MR69 7951 8602 3624 0965 8845 879', '2021-06-21', null);
insert into book (BOOK_ID, STUDENT_ID, BOOKSTATUS_ID, NAME, SERIAL_NUMBER, BORROW_DATE, RETURN_DATE) values (20, 5, 3, 'The Golden Cage', 'RS72 8484 7617 0546 5510 39', '2021-04-18', null);

INSERT  INTO BOOKSTATUS (BOOKSTATUS_ID, BOOKSTATUS) values (1, 'borrowed');
INSERT  INTO BOOKSTATUS (BOOKSTATUS_ID, BOOKSTATUS) values (2, 'available');
INSERT  INTO BOOKSTATUS (BOOKSTATUS_ID, BOOKSTATUS) values (3, 'unavailable');

insert into lecture (lecture_id, name, "DATE", description) values (1, 'Zaawansowane Techniki Programistyczne', '2024-01-16', 'Lorem ipsum dolor sit amet, consectetur adipiscing elit. ');
insert into lecture (lecture_id, name, "DATE", description) values (2, 'Bazy danych', '2024-01-16', 'In finibus turpis vel eros accumsan laoreet. Cras lacinia blandit iaculis. ');

insert into mark (MARK_ID, LECTURE_ID, STUDENT_ID, NAME, VALUE, "DATE"  , DESCRIPTION) values (1, 2, 7, 'Egzamin', 2, '2023-10-04', null);
insert into mark (MARK_ID, LECTURE_ID, STUDENT_ID, NAME, VALUE, "DATE"  , DESCRIPTION) values (2, 2, 2, 'Egzamin', 3, '2023-03-28', null);
insert into mark (MARK_ID, LECTURE_ID, STUDENT_ID, NAME, VALUE, "DATE"  , DESCRIPTION) values (3, 1, 2, 'Egzamin', 4, '2023-04-03', null);
insert into mark (MARK_ID, LECTURE_ID, STUDENT_ID, NAME, VALUE, "DATE"  , DESCRIPTION) values (4, 1, 6, 'Kartkówka Liczy Zespolone', 4, '2023-03-28', 'Brigshaw');
insert into mark (MARK_ID, LECTURE_ID, STUDENT_ID, NAME, VALUE, "DATE"  , DESCRIPTION) values (5, 1, 8, 'Kartkówka Liczy Zespolone', 3, '2023-10-11', null);
insert into mark (MARK_ID, LECTURE_ID, STUDENT_ID, NAME, VALUE, "DATE"  , DESCRIPTION) values (6, 2, 5, 'Kartkówka Liczy Zespolone', 2, '2023-02-12', null);
insert into mark (MARK_ID, LECTURE_ID, STUDENT_ID, NAME, VALUE, "DATE"  , DESCRIPTION) values (7, 2, 7, 'Kartkówka Liczy Zespolone', 2, '2023-03-16', null);
insert into mark (MARK_ID, LECTURE_ID, STUDENT_ID, NAME, VALUE, "DATE"  , DESCRIPTION) values (8, 2, 2, 'Trygonometria', 3, '2023-11-04', null);
insert into mark (MARK_ID, LECTURE_ID, STUDENT_ID, NAME, VALUE, "DATE"  , DESCRIPTION) values (9, 1, 7, 'Trygonometria', 3, '2023-03-08', 'Aveline');
insert into mark (MARK_ID, LECTURE_ID, STUDENT_ID, NAME, VALUE, "DATE"  , DESCRIPTION) values (10, 2, 1, 'Trygonometria', 4, '2023-10-09', 'Peddowe');
insert into mark (MARK_ID, LECTURE_ID, STUDENT_ID, NAME, VALUE, "DATE"  , DESCRIPTION) values (11, 1, 7, 'Trygonometria', 3, '2023-06-30', null);
insert into mark (MARK_ID, LECTURE_ID, STUDENT_ID, NAME, VALUE, "DATE"  , DESCRIPTION) values (12, 1, 8, 'OOP', 2, '2023-05-16', null);
insert into mark (MARK_ID, LECTURE_ID, STUDENT_ID, NAME, VALUE, "DATE"  , DESCRIPTION) values (13, 2, 5, 'OOP', 4, '2023-04-01', null);
insert into mark (MARK_ID, LECTURE_ID, STUDENT_ID, NAME, VALUE, "DATE"  , DESCRIPTION) values (14, 2, 8, 'OOP', 4, '2023-08-24', null);
insert into mark (MARK_ID, LECTURE_ID, STUDENT_ID, NAME, VALUE, "DATE"  , DESCRIPTION) values (15, 2, 4, 'OOP', 4, '2023-01-31', null);
insert into mark (MARK_ID, LECTURE_ID, STUDENT_ID, NAME, VALUE, "DATE"  , DESCRIPTION) values (16, 2, 2, 'OOP', 2, '2023-11-13', null);
insert into mark (MARK_ID, LECTURE_ID, STUDENT_ID, NAME, VALUE, "DATE"  , DESCRIPTION) values (17, 2, 6, 'SQL', 2, '2023-12-29', null);
insert into mark (MARK_ID, LECTURE_ID, STUDENT_ID, NAME, VALUE, "DATE"  , DESCRIPTION) values (18, 1, 5, 'SQL', 3, '2023-05-26', null);
insert into mark (MARK_ID, LECTURE_ID, STUDENT_ID, NAME, VALUE, "DATE"  , DESCRIPTION) values (19, 1, 6, 'SQL', 2, '2023-06-19', null);
insert into mark (MARK_ID, LECTURE_ID, STUDENT_ID, NAME, VALUE, "DATE"  , DESCRIPTION) values (20, 1, 3, 'SQL', 2, '2023-07-15', 'Grigg');


insert into payment (payment_id, student_id, ammount, title, is_paid) values (1,1,20, 'Opłata za leigtymacje', true);
insert into payment (payment_id, student_id, ammount, title, is_paid) values (2,1,595, 'Czesne 1/24', true);
insert into payment (payment_id, student_id, ammount, title, is_paid) values (3,1,595, 'Czesne 2/24', false);
insert into payment (payment_id, student_id, ammount, title, is_paid) values (4,2,20, 'Opłata za leigtymacje', false);
insert into payment (payment_id, student_id, ammount, title, is_paid) values (5,2,595, 'Czesne 1/24', true);
insert into payment (payment_id, student_id, ammount, title, is_paid) values (6,2,595, 'Czesne 2/24', false);
insert into payment (payment_id, student_id, ammount, title, is_paid) values (7,3,20, 'Opłata za leigtymacje', true);
insert into payment (payment_id, student_id, ammount, title, is_paid) values (8,3,595, 'Czesne 1/24', true);
insert into payment (payment_id, student_id, ammount, title, is_paid) values (9,3,595, 'Czesne 2/24', true);


insert into student (STUDENT_ID, ACCOUNT_ID, INDEX_NUMBER, FIRST_NAME, SURNAME, BIRTHDATY_DATE, PHONE, ADDRESS) values (1, 1, 1, 'Emanuele', 'Clementson', '1976-11-23', '5266206960', '3 Eliot Trail');
insert into student (STUDENT_ID, ACCOUNT_ID, INDEX_NUMBER, FIRST_NAME, SURNAME, BIRTHDATY_DATE, PHONE, ADDRESS) values (2, 2, 2, 'Leonidas', 'Farnall', '1976-06-18', '9927526669', '3 Merchant Way');
insert into student (STUDENT_ID, ACCOUNT_ID, INDEX_NUMBER, FIRST_NAME, SURNAME, BIRTHDATY_DATE, PHONE, ADDRESS) values (3, 3, 3, 'Baxy', 'Gabel', '1982-07-13', '4663846088', '80 Sauthoff Street');
insert into student (STUDENT_ID, ACCOUNT_ID, INDEX_NUMBER, FIRST_NAME, SURNAME, BIRTHDATY_DATE, PHONE, ADDRESS) values (4, 4, 4, 'Forster', 'Mallett', '1991-05-13', '1249389195', '933 Glacier Hill Pass');
insert into student (STUDENT_ID, ACCOUNT_ID, INDEX_NUMBER, FIRST_NAME, SURNAME, BIRTHDATY_DATE, PHONE, ADDRESS) values (5, 5, 5, 'Joleen', 'Pearman', '1985-11-21', '3907169204', '1 Village Green Alley');
insert into student (STUDENT_ID, ACCOUNT_ID, INDEX_NUMBER, FIRST_NAME, SURNAME, BIRTHDATY_DATE, PHONE, ADDRESS) values (6, 6, 6, 'Imojean', 'Hynard', '1996-11-28', '8221076364', '59095 Warbler Crossing');
insert into student (STUDENT_ID, ACCOUNT_ID, INDEX_NUMBER, FIRST_NAME, SURNAME, BIRTHDATY_DATE, PHONE, ADDRESS) values (7, 7, 7, 'Rudie', 'Varian', '1971-04-19', '7464162137', '90 Swallow Park');
insert into student (STUDENT_ID, ACCOUNT_ID, INDEX_NUMBER, FIRST_NAME, SURNAME, BIRTHDATY_DATE, PHONE, ADDRESS) values (8, 8, 8, 'Killian', 'Ashwin', '1997-12-24', '3667641314', '8472 Sunbrook Junction');